,index,labels
0,2988,0
1,3236,0
2,2061,1
3,3002,0
4,1417,0
5,4732,-1
6,608,1
7,2537,0
8,1065,0
9,4045,-1
10,0,0
11,3242,1
12,2475,0
13,29,1
14,1206,0
15,779,1
16,2802,0
17,4049,-1
18,226,1
19,2451,0
20,4031,-1
21,2862,0
22,4287,0
23,4500,1
24,3643,0
25,4423,-1
26,3267,0
27,1969,-1
28,2258,1
29,3269,0
30,4530,-1
31,2877,0
32,3081,0
33,120,1
34,3249,0
35,413,0
36,51,1
37,1795,0
38,3680,0
39,876,1
40,569,0
41,2741,0
42,3624,0
43,3371,0
44,938,1
45,2787,0
46,1610,0
47,239,1
48,2146,1
49,2861,1
50,3466,0
51,3593,0
52,1471,0
53,2062,1
54,4174,-1
55,3925,0
56,2879,0
57,3441,0
58,1231,0
59,4818,-1
60,183,1
61,995,1
62,251,1
63,3305,0
64,3848,0
65,4254,0
66,3648,0
67,2111,0
68,110,0
69,4228,0
70,2240,1
71,4360,-1
72,253,1
73,1489,0
74,3084,0
75,963,1
76,2190,1
77,2193,1
78,1896,0
79,3289,-1
80,4214,0
81,1185,1
82,3040,0
83,2505,0
84,58,0
85,1236,0
86,1868,0
87,1998,-1
88,2627,0
89,309,0
90,1895,0
91,2806,0
92,1410,0
93,324,1
94,2382,0
95,2712,0
96,343,1
97,797,1
98,3655,0
99,3300,0
100,3837,0
101,2312,0
102,1535,0
103,1585,0
104,2880,0
105,4512,0
106,2428,0
107,987,1
108,2938,0
109,3153,0
110,4686,-1
111,4257,0
112,4519,0
113,1910,0
114,1237,0
115,4450,-1
116,4415,0
117,4739,-1
118,961,1
119,4255,0
120,3846,0
121,2462,1
122,4681,-1
123,3281,0
124,2852,0
125,3120,0
126,2544,0
127,1567,1
128,1368,0
129,1859,0
130,611,1
131,801,1
132,1905,1
133,2842,0
134,2598,0
135,425,1
136,2228,0
137,2220,1
138,766,1
139,2969,0
140,3687,0
141,644,1
142,2726,0
143,3198,0
144,1533,0
145,4580,-1
146,907,0
147,932,1
148,4486,1
149,4001,0
150,4088,1
151,2365,0
152,379,1
153,923,1
154,381,1
155,2460,0
156,1062,0
157,3993,-1
158,3264,0
159,4562,-1
160,2536,0
161,3301,-1
162,1161,0
163,4430,-1
164,3270,0
165,1954,1
166,4099,1
167,3885,0
168,3034,0
169,3913,0
170,3192,0
171,1588,1
172,2398,0
173,2660,0
174,2237,1
175,2733,0
176,2165,1
177,2730,0
178,4814,-1
179,2520,0
180,2687,0
181,3572,0
182,1606,0
183,367,1
184,1798,1
185,382,1
186,3213,0
187,966,1
188,1127,1
189,4188,0
190,2881,0
191,3290,0
192,2526,0
193,3673,0
194,3894,0
195,396,0
196,722,1
197,1835,1
198,4170,0
199,1193,0
200,1158,0
201,2628,0
202,2740,0
203,3979,0
204,1503,0
205,4162,-1
206,3328,0
207,4753,-1
208,3613,0
209,2256,1
210,2338,0
211,785,1
212,1575,0
213,816,1
214,1208,0
215,1625,0
216,2521,0
217,173,1
218,2930,0
219,3311,0
220,4275,0
221,2050,1
222,810,1
223,3073,0
224,2945,0
225,835,1
226,2343,0
227,3180,0
228,4505,1
229,2793,0
230,3816,0
231,2579,0
232,3618,0
233,1921,-1
234,3665,1
235,2287,1
236,297,1
237,495,1
238,3036,0
239,4014,-1
240,632,1
241,4236,0
242,1821,0
243,4279,0
244,1122,0
245,1725,1
246,4229,0
247,4523,0
248,106,1
249,4491,0
250,1886,0
251,1768,1
252,2770,0
253,4447,-1
254,3489,0
255,455,1
256,1528,0
257,4458,1
258,1186,0
259,2497,0
260,3978,0
261,3234,0
262,1705,-1
263,42,1
264,1902,0
265,4655,-1
266,244,1
267,1126,0
268,2449,0
269,4221,0
270,4829,-1
271,1746,0
272,2316,1
273,1736,1
274,692,1
275,3173,0
276,4765,-1
277,1778,1
278,3586,0
279,4211,0
280,3670,0
281,2553,0
282,1409,1
283,3406,0
284,4249,0
285,2578,0
286,4205,-1
287,2293,1
288,2997,1
289,2970,0
290,1496,1
291,1399,0
292,3568,0
293,414,0
294,2202,1
295,2242,0
296,1584,0
297,3902,0
298,2561,0
299,1576,0
300,2211,1
301,2422,0
302,2755,-1
303,82,0
304,16,1
305,4811,-1
306,1300,1
307,3615,0
308,1549,0
309,1630,0
310,910,1
311,804,1
312,612,1
313,1082,0
314,3734,0
315,3203,0
316,599,1
317,2141,1
318,2574,0
319,4023,0
320,744,1
321,212,1
322,153,1
323,1936,1
324,514,0
325,3403,0
326,4258,0
327,406,0
328,4127,0
329,1336,0
330,1611,0
331,1601,0
332,1358,0
333,3995,-1
334,47,1
335,1848,0
336,2212,1
337,295,0
338,378,1
339,4547,0
340,3327,0
341,4060,-1
342,4369,-1
343,167,1
344,428,1
345,1956,0
346,2320,1
347,3027,0
348,1321,0
349,4187,-1
350,3495,1
351,904,1
352,2906,0
353,2203,1
354,1769,1
355,3717,-1
356,3806,0
357,823,1
358,6,1
359,2797,-1
360,1517,0
361,4786,1
362,4096,1
363,181,1
364,510,1
365,1394,0
366,3899,0
367,1191,0
368,3424,0
369,4653,-1
370,2958,0
371,2081,0
372,1067,1
373,3351,0
374,2580,0
375,740,1
376,2496,0
377,139,0
378,3474,0
379,3385,0
380,890,1
381,1436,0
382,1294,1
383,2168,0
384,442,1
385,2221,1
386,4648,-1
387,3482,0
388,1159,0
389,1504,0
390,1114,1
391,1042,0
392,1326,0
393,2843,0
394,2961,0
395,1419,0
396,3782,0
397,1462,0
398,2453,0
399,4204,-1
400,2223,0
401,3918,-1
402,1732,1
403,2073,1
404,3141,0
405,3961,0
406,913,1
407,4597,-1
408,2948,0
409,2071,1
410,2367,0
411,2241,1
412,41,1
413,4517,0
414,1015,0
415,3677,0
416,3016,0
417,3488,0
418,3337,0
419,4518,0
420,1851,1
421,1473,0
422,3818,0
423,3067,1
424,1818,0
425,4227,0
426,4468,1
427,1605,0
428,4085,1
429,3638,1
430,4540,0
431,2565,0
432,64,0
433,2523,0
434,2123,0
435,934,1
436,900,1
437,1748,1
438,896,1
439,261,1
440,2417,0
441,3747,0
442,3699,0
443,3095,0
444,389,1
445,3532,0
446,3849,0
447,585,1
448,1157,-1
449,49,1
450,4549,-1
451,530,0
452,2289,1
453,2101,1
454,2409,0
455,3245,0
456,1160,0
457,2244,0
458,3334,0
459,1849,1
460,275,1
461,2020,1
462,316,1
463,4375,-1
464,360,1
465,231,1
466,1856,0
467,4038,-1
468,2164,0
469,2669,0
470,3045,0
471,117,1
472,100,1
473,2885,0
474,3047,0
475,1487,0
476,3419,0
477,2094,1
478,1138,0
479,2196,1
480,3889,0
481,4029,-1
482,2913,0
483,4807,0
484,4242,0
485,4674,-1
486,331,1
487,3850,0
488,185,1
489,424,0
490,443,0
491,854,1
492,1573,0
493,2817,0
494,4399,-1
495,3738,0
496,3695,0
497,3025,0
498,778,1
499,3190,0
500,2952,0
501,2701,0
502,4496,1
503,4414,-1
504,460,0
505,1668,0
506,4815,-1
507,2364,0
508,1664,0
509,865,0
510,1360,0
511,2538,0
512,4213,-1
513,4612,0
514,3401,0
515,3802,0
516,2551,0
517,4454,-1
518,1613,0
519,844,1
520,4705,-1
521,1619,0
522,4284,-1
523,940,1
524,4428,-1
525,1807,0
526,3262,0
527,4052,0
528,3064,0
529,4615,0
530,4139,0
531,3838,0
532,1815,0
533,3939,0
534,4351,0
535,1673,0
536,3313,0
537,1758,1
538,4453,-1
539,1845,0
540,2714,0
541,4278,0
542,3210,0
543,1863,0
544,3916,0
545,3790,-1
546,4363,0
547,4364,-1
548,4297,-1
549,670,-1
550,2664,0
551,1878,1
552,2490,0
553,383,1
554,1808,0
555,873,1
556,4582,0
557,271,1
558,777,1
559,4448,-1
560,3007,0
561,2424,0
562,3247,0
563,1506,0
564,2218,0
565,426,1
566,2439,0
567,1251,0
568,1744,1
569,3657,0
570,2024,0
571,4795,-1
572,4132,0
573,1397,0
574,1512,1
575,3827,0
576,1085,0
577,1844,0
578,4054,-1
579,2934,1
580,846,1
581,3357,0
582,2614,0
583,4007,0
584,2300,1
585,1666,1
586,4378,-1
587,1753,1
588,395,0
589,1173,0
590,1706,-1
591,526,1
592,1425,0
593,1054,0
594,4368,0
595,916,1
596,1780,1
597,3675,0
598,2040,0
599,506,0
600,1672,0
601,1390,0
602,3910,0
603,853,1
604,2445,0
605,1952,1
606,925,1
607,1148,-1
608,2568,0
609,4514,-1
610,1781,1
611,1947,1
612,1537,0
613,1953,1
614,1757,1
615,699,-1
616,3569,0
617,3451,0
618,1670,1
619,597,1
620,1006,0
621,3628,0
622,3763,0
623,2814,0
624,3394,0
625,3121,0
626,3631,0
627,1220,1
628,4616,-1
629,3400,0
630,2049,1
631,3784,0
632,3342,0
633,4008,-1
634,3769,0
635,3716,0
636,2632,0
637,3099,0
638,2095,1
639,2584,0
640,2870,0
641,4165,0
642,1217,0
643,3703,0
644,4449,-1
645,843,1
646,2386,0
647,2887,0
648,1594,0
649,3635,0
650,756,1
651,1885,0
652,1636,0
653,4063,-1
654,3056,0
655,3709,0
656,4696,-1
657,770,1
658,459,0
659,1563,0
660,2920,1
661,971,1
662,4299,-1
663,3986,0
664,4212,-1
665,627,1
666,701,1
667,252,1
668,4437,-1
669,2831,0
670,159,0
671,1118,0
672,4459,1
673,4567,-1
674,1353,0
675,3800,0
676,2908,0
677,1130,1
678,1752,1
679,4833,-1
680,3893,0
681,1968,0
682,590,1
683,693,-1
684,1121,0
685,3746,0
686,1813,1
687,4553,-1
688,3735,0
689,2919,0
690,2939,0
691,2798,0
692,1840,0
693,4749,-1
694,747,1
695,3319,0
696,4741,-1
697,868,1
698,1686,1
699,1671,0
700,1310,0
701,4175,-1
702,1853,0
703,3724,0
704,228,1
705,3627,0
706,1250,0
707,2651,0
708,1298,0
709,2953,0
710,3566,0
711,4172,0
712,936,1
713,933,1
714,4350,0
715,3188,0
716,4077,-1
717,4716,-1
718,2233,0
719,1167,0
720,2257,0
721,4288,0
722,85,0
723,4000,-1
724,1763,1
725,3992,-1
726,1331,0
727,2373,0
728,683,-1
729,1870,0
730,438,1
731,3001,0
732,4588,-1
733,4358,0
734,3962,0
735,3170,0
736,1723,1
737,1677,0
738,4290,-1
739,1099,0
740,2873,0
741,2554,0
742,4386,-1
743,4168,0
744,486,1
745,836,1
746,3926,0
747,2167,0
748,783,1
749,1144,0
750,2127,1
751,3671,0
752,882,1
753,4554,-1
754,1415,0
755,2671,0
756,3503,0
757,4635,-1
758,4845,-1
759,3740,0
760,4418,-1
761,1660,0
762,3847,0
763,21,1
764,1152,0
765,3195,0
766,4555,-1
767,2208,0
768,2390,0
769,4266,0
770,1162,0
771,1696,0
772,1340,0
773,4797,-1
774,2564,0
775,3821,0
776,1634,0
777,363,1
778,2356,0
779,3551,0
780,3741,0
781,3776,0
782,829,1
783,234,1
784,767,1
785,4664,-1
786,2637,0
787,25,1
788,1651,0
789,4476,0
790,1327,0
791,638,1
792,485,1
793,4638,-1
794,650,1
795,2519,0
796,4,1
797,4551,-1
798,4443,-1
799,3230,-1
800,4654,-1
801,1106,0
802,3352,0
803,3088,0
804,3080,0
805,1739,1
806,1635,0
807,1934,0
808,796,1
809,3315,0
810,1256,0
811,1095,0
812,3465,0
813,2457,0
814,355,1
815,3231,0
816,3950,0
817,1011,0
818,554,1
819,157,1
820,3232,0
821,3155,0
822,636,1
823,1039,0
824,1790,1
825,53,1
826,2194,1
827,2663,0
828,3723,0
829,1266,0
830,3219,0
831,3851,0
832,2245,1
833,862,1
834,370,1
835,2307,0
836,23,1
837,3921,0
838,2308,1
839,2985,0
840,1046,0
841,1299,0
842,3322,0
843,774,1
844,1089,0
845,1800,-1
846,901,1
847,3430,0
848,4713,-1
849,2751,0
850,3448,0
851,2248,1
852,1717,1
853,1846,0
854,2195,0
855,1772,0
856,840,1
857,3585,0
858,2138,1
859,3590,-1
860,3879,0
861,2959,0
862,1866,0
863,492,1
864,4708,-1
865,4506,1
866,2337,0
867,532,0
868,915,0
869,2286,1
870,715,1
871,920,1
872,1233,0
873,4524,-1
874,1286,0
875,1420,0
876,1320,0
877,2454,1
878,3864,0
879,1884,0
880,3429,0
881,186,0
882,1692,0
883,4577,0
884,741,1
885,565,1
886,133,1
887,579,0
888,712,-1
889,2345,0
890,3393,0
891,3436,0
892,1822,0
893,3425,0
894,789,0
895,43,1
896,872,1
897,1624,0
898,399,0
899,1434,1
900,1552,0
901,1477,1
902,477,1
903,4548,0
904,2882,0
905,4678,-1
906,2494,1
907,4230,0
908,4365,0
909,3548,0
910,3433,0
911,4057,-1
912,266,1
913,2084,0
914,2150,1
915,2989,0
916,2677,0
917,3346,0
918,3139,0
919,2573,0
920,206,1
921,1876,1
922,3933,0
923,4596,-1
924,354,0
925,1429,0
926,1485,0
927,3679,0
928,4771,-1
929,4614,-1
930,4106,-1
931,148,1
932,225,1
933,2124,0
934,2058,1
935,3639,0
936,621,0
937,1669,0
938,3547,0
939,3172,0
940,2100,1
941,4462,1
942,2425,0
943,397,0
944,1316,1
945,637,0
946,3758,0
947,760,1
948,708,0
949,2351,0
950,1789,1
951,2370,0
952,2465,0
953,958,1
954,4617,-1
955,1734,1
956,2707,0
957,2299,1
958,3174,0
959,2606,0
960,107,1
961,1324,0
962,869,0
963,344,1
964,2276,1
965,333,1
966,2738,0
967,2225,1
968,2083,1
969,2074,0
970,2587,0
971,4380,-1
972,4768,-1
973,962,1
974,4277,0
975,303,1
976,3912,0
977,4673,-1
978,3166,0
979,1682,0
980,2694,0
981,845,1
982,3571,0
983,1490,0
984,3714,0
985,4274,0
986,2270,1
987,3965,0
988,4626,-1
989,4676,-1
990,2756,-1
991,2491,0
992,1883,1
993,1879,0
994,28,1
995,1354,0
996,1893,0
997,2936,0
998,4637,-1
999,149,1
1000,3815,0
1001,3092,0
1002,3149,0
1003,1123,1
1004,4348,0
1005,3796,0
1006,1375,1
1007,245,1
1008,2562,0
1009,689,1
1010,1890,0
1011,125,1
1012,4419,-1
1013,307,1
1014,137,1
1015,348,1
1016,4061,-1
1017,3127,0
1018,947,1
1019,503,0
1020,135,1
1021,2485,0
1022,2604,0
1023,302,1
1024,2856,0
1025,3797,0
1026,3137,0
1027,3076,0
1028,3009,0
1029,1342,0
1030,104,1
1031,3944,-1
1032,3463,0
1033,2275,0
1034,1556,0
1035,4810,-1
1036,1303,0
1037,1604,1
1038,519,1
1039,3051,0
1040,484,1
1041,3323,0
1042,939,1
1043,335,1
1044,4717,-1
1045,4395,-1
1046,209,1
1047,1008,0
1048,1802,0
1049,820,1
1050,2891,0
1051,4143,0
1052,1703,1
1053,4529,-1
1054,2796,0
1055,1304,0
1056,273,1
1057,4403,-1
1058,4620,0
1059,3660,0
1060,1100,0
1061,1261,1
1062,102,1
1063,2266,1
1064,2657,0
1065,285,1
1066,600,1
1067,1139,0
1068,4425,-1
1069,1007,0
1070,4712,-1
1071,296,1
1072,3185,0
1073,14,1
1074,4020,-1
1075,4371,-1
1076,46,1
1077,4145,0
1078,2499,0
1079,2246,1
1080,1989,-1
1081,1745,1
1082,1540,1
1083,1019,0
1084,1653,0
1085,570,0
1086,3048,0
1087,3794,0
1088,3861,0
1089,2075,1
1090,618,1
1091,1642,0
1092,1268,0
1093,3874,0
1094,3227,0
1095,3031,0
1096,4691,-1
1097,1277,0
1098,3732,0
1099,4822,1
1100,3617,0
1101,2234,1
1102,652,1
1103,3924,0
1104,402,1
1105,2107,1
1106,3876,0
1107,2273,1
1108,287,1
1109,4012,-1
1110,4328,-1
1111,2328,0
1112,2132,1
1113,3413,0
1114,3775,0
1115,893,1
1116,1811,1
1117,2996,0
1118,772,1
1119,1741,1
1120,1151,0
1121,423,-1
1122,1656,0
1123,1841,1
1124,3460,0
1125,4474,0
1126,40,1
1127,1667,0
1128,1230,0
1129,2975,0
1130,2175,1
1131,2444,0
1132,4109,0
1133,2037,0
1134,704,1
1135,3259,0
1136,1330,0
1137,3338,0
1138,2147,1
1139,179,1
1140,341,1
1141,3789,0
1142,678,-1
1143,3254,0
1144,4440,-1
1145,4137,0
1146,4240,0
1147,4769,-1
1148,3523,0
1149,4397,-1
1150,2582,0
1151,2540,0
1152,4107,0
1153,2108,0
1154,1235,0
1155,4321,-1
1156,3398,0
1157,4302,0
1158,4103,0
1159,3810,0
1160,3046,1
1161,3636,0
1162,4587,-1
1163,4544,0
1164,657,1
1165,1906,0
1166,3973,0
1167,1308,0
1168,3255,0
1169,1470,0
1170,2372,1
1171,596,1
1172,61,0
1173,2103,0
1174,580,1
1175,3453,0
1176,2079,0
1177,2433,0
1178,2161,1
1179,3439,0
1180,388,1
1181,4531,-1
1182,2572,0
1183,1068,0
1184,3125,0
1185,3730,0
1186,4015,-1
1187,2713,0
1188,2033,0
1189,3105,0
1190,2804,0
1191,3565,0
1192,1351,0
1193,4028,-1
1194,2472,0
1195,1928,0
1196,2690,0
1197,2388,0
1198,4794,0
1199,4751,-1
1200,2397,0
1201,2447,0
1202,2761,0
1203,3177,0
1204,3486,0
1205,4700,-1
1206,109,1
1207,1264,0
1208,3324,0
1209,465,0
1210,4809,0
1211,277,1
1212,3023,0
1213,3653,0
1214,974,1
1215,4672,-1
1216,4339,0
1217,2413,0
1218,875,1
1219,3167,0
1220,1464,0
1221,4426,-1
1222,371,1
1223,4727,-1
1224,1097,0
1225,888,1
1226,616,0
1227,3487,0
1228,4483,0
1229,3026,0
1230,723,1
1231,2815,0
1232,1614,0
1233,3199,0
1234,791,1
1235,4592,1
1236,2596,0
1237,3623,0
1238,2513,0
1239,4306,0
1240,4461,1
1241,734,-1
1242,4387,-1
1243,591,1
1244,3865,0
1245,4816,-1
1246,4690,-1
1247,700,-1
1248,803,1
1249,3868,0
1250,3331,0
1251,1704,0
1252,825,1
1253,3783,0
1254,2665,0
1255,1986,-1
1256,4504,1
1257,3243,0
1258,2000,1
1259,4282,-1
1260,1980,0
1261,4723,-1
1262,727,1
1263,877,1
1264,631,1
1265,3606,0
1266,3689,0
1267,2332,0
1268,2698,0
1269,1847,1
1270,2089,0
1271,1940,1
1272,4291,0
1273,1245,1
1274,982,1
1275,3461,0
1276,3854,0
1277,257,1
1278,1698,1
1279,3122,1
1280,1392,0
1281,2510,0
1282,2144,1
1283,709,1
1284,4153,0
1285,2571,0
1286,3798,0
1287,2727,0
1288,1451,0
1289,2560,0
1290,3307,0
1291,422,0
1292,832,1
1293,2850,0
1294,380,1
1295,4826,0
1296,3229,0
1297,1972,1
1298,719,1
1299,427,0
1300,3580,0
1301,2420,-1
1302,318,1
1303,1357,0
1304,1380,0
1305,1553,0
1306,1076,0
1307,994,1
1308,4843,-1
1309,3702,0
1310,2895,0
1311,4110,0
1312,1979,0
1313,553,1
1314,182,1
1315,2639,0
1316,4050,-1
1317,1306,0
1318,4611,0
1319,558,1
1320,154,1
1321,3881,0
1322,3087,0
1323,3409,0
1324,4334,0
1325,856,1
1326,4525,0
1327,3388,0
1328,4154,-1
1329,1423,0
1330,1497,0
1331,1344,0
1332,1013,1
1333,400,0
1334,2432,0
1335,4192,-1
1336,899,1
1337,4373,-1
1338,3217,0
1339,4196,-1
1340,2039,1
1341,1559,0
1342,4147,0
1343,655,1
1344,1364,0
1345,2170,1
1346,2643,0
1347,2764,0
1348,2559,0
1349,1168,0
1350,2777,0
1351,2484,0
1352,1134,0
1353,1875,1
1354,3721,0
1355,1612,0
1356,2048,0
1357,3154,0
1358,2469,1
1359,4841,-1
1360,3276,0
1361,2459,0
1362,3650,0
1363,2950,0
1364,314,1
1365,4839,-1
1366,4683,-1
1367,3524,0
1368,3030,0
1369,1568,0
1370,2018,1
1371,4662,-1
1372,787,0
1373,2043,0
1374,119,1
1375,2656,0
1376,4129,-1
1377,2180,0
1378,3442,0
1379,555,1
1380,2036,1
1381,229,1
1382,861,1
1383,1627,0
1384,2532,0
1385,4100,1
1386,4362,0
1387,4238,0
1388,2029,1
1389,3501,0
1390,184,1
1391,3013,0
1392,4485,0
1393,858,1
1394,2962,0
1395,4261,0
1396,3778,0
1397,3781,0
1398,268,1
1399,1645,0
1400,2290,1
1401,84,1
1402,1684,0
1403,4208,-1
1404,1570,-1
1405,4335,0
1406,3711,0
1407,451,1
1408,3152,0
1409,3786,0
1410,3587,0
1411,89,1
1412,1914,1
1413,4421,-1
1414,3447,0
1415,384,1
1416,3888,0
1417,1323,1
1418,2841,0
1419,351,1
1420,3022,0
1421,4158,0
1422,1101,0
1423,1132,0
1424,668,1
1425,3582,0
1426,4559,-1
1427,2305,1
1428,3039,-1
1429,642,1
1430,67,0
1431,1427,1
1432,3826,0
1433,2387,0
1434,1694,0
1435,1243,0
1436,3895,0
1437,1124,0
1438,1302,1
1439,158,1
1440,3728,0
1441,165,1
1442,1246,0
1443,4569,1
1444,2983,0
1445,3286,0
1446,1907,0
1447,2226,0
1448,2452,0
1449,2142,1
1450,1431,0
1451,1538,0
1452,906,1
1453,3189,0
1454,1370,0
1455,3003,0
1456,909,1
1457,3116,0
1458,3898,0
1459,2110,1
1460,208,1
1461,3059,0
1462,4286,-1
1463,1260,0
1464,2134,0
1465,3414,0
1466,2480,0
1467,1690,1
1468,1718,1
1469,2957,0
1470,1491,1
1471,4639,-1
1472,440,0
1473,1545,0
1474,2864,0
1475,3799,0
1476,4320,-1
1477,2821,0
1478,1797,1
1479,3277,0
1480,95,1
1481,4566,-1
1482,1361,0
1483,2389,0
1484,4190,-1
1485,1583,0
1486,3602,0
1487,2296,1
1488,1270,1
1489,3504,0
1490,1214,1
1491,1476,0
1492,267,1
1493,1693,0
1494,2013,1
1495,3303,0
1496,2897,0
1497,3182,0
1498,2903,0
1499,4251,0
1500,2611,0
1501,1602,1
1502,647,1
1503,3329,0
1504,2112,0
1505,3333,0
1506,1526,0
1507,3233,0
1508,1098,0
1509,488,0
1510,2990,0
1511,3390,0
1512,411,0
1513,898,1
1514,4244,0
1515,359,1
1516,4669,-1
1517,1683,0
1518,4035,-1
1519,1459,0
1520,1688,0
1521,1004,0
1522,3856,0
1523,2708,0
1524,2381,0
1525,3061,0
1526,3278,0
1527,463,1
1528,522,0
1529,1730,1
1530,4048,-1
1531,2943,0
1532,362,1
1533,4798,-1
1534,930,1
1535,161,1
1536,1258,0
1537,2482,0
1538,3614,1
1539,751,1
1540,4647,-1
1541,1475,0
1542,1557,0
1543,4073,-1
1544,97,1
1545,1238,1
1546,4586,-1
1547,155,1
1548,4507,0
1549,2448,0
1550,4737,-1
1551,3053,0
1552,36,1
1553,3145,0
1554,1177,0
1555,450,1
1556,945,1
1557,3601,0
1558,4046,1
1559,4276,0
1560,4189,0
1561,493,0
1562,4157,-1
1563,2816,0
1564,4813,-1
1565,542,-1
1566,2318,1
1567,3603,0
1568,3306,0
1569,1337,0
1570,1311,0
1571,2886,0
1572,2822,0
1573,3261,0
1574,3464,0
1575,4498,1
1576,3411,0
1577,1480,0
1578,3140,0
1579,651,1
1580,883,1
1581,237,1
1582,988,1
1583,4715,-1
1584,1057,1
1585,3365,0
1586,256,1
1587,2830,0
1588,4218,0
1589,4651,-1
1590,1514,0
1591,1053,0
1592,4400,-1
1593,1198,0
1594,1227,0
1595,1438,0
1596,3348,0
1597,1991,-1
1598,4837,-1
1599,1180,0
1600,3194,0
1601,214,1
1602,3368,0
1603,1318,0
1604,2046,0
1605,1479,1
1606,1547,0
1607,1728,1
1608,3713,0
1609,4625,0
1610,4080,1
1611,2188,0
1612,1183,0
1613,4246,0
1614,2654,0
1615,150,1
1616,1597,0
1617,3518,0
1618,3559,0
1619,3625,1
1620,2725,0
1621,2340,0
1622,2471,0
1623,4746,-1
1624,3011,0
1625,944,1
1626,2609,0
1627,4791,-1
1628,3480,0
1629,445,0
1630,1146,1
1631,1581,0
1632,3694,0
1633,1909,0
1634,1456,0
1635,4668,-1
1636,2291,0
1637,3181,0
1638,1406,0
1639,3805,0
1640,171,1
1641,1513,0
1642,2762,0
1643,3584,0
1644,3715,0
1645,2854,0
1646,2090,0
1647,1993,1
1648,1727,1
1649,3928,0
1650,1441,0
1651,2402,0
1652,1985,0
1653,328,1
1654,2106,1
1655,819,1
1656,3774,0
1657,1632,0
1658,2015,1
1659,4718,-1
1660,4542,0
1661,3594,0
1662,2508,0
1663,2173,1
1664,841,1
1665,417,0
1666,3753,0
1667,2893,0
1668,781,1
1669,392,0
1670,1189,0
1671,2592,0
1672,3920,0
1673,4652,-1
1674,1350,0
1675,2045,0
1676,813,1
1677,3235,0
1678,4788,-1
1679,38,1
1680,4649,-1
1681,1135,1
1682,4735,-1
1683,3785,0
1684,2395,0
1685,1449,0
1686,4754,-1
1687,4497,1
1688,1312,0
1689,1070,1
1690,1292,0
1691,584,1
1692,625,1
1693,1629,0
1694,2426,0
1695,2563,0
1696,3779,0
1697,1282,1
1698,4836,-1
1699,4621,-1
1700,1290,0
1701,694,0
1702,1115,0
1703,1061,0
1704,2833,0
1705,191,1
1706,54,1
1707,336,1
1708,1805,0
1709,4078,-1
1710,1687,1
1711,4439,-1
1712,2612,0
1713,3260,0
1714,4040,-1
1715,2064,1
1716,3332,0
1717,3633,-1
1718,3935,0
1719,4293,1
1720,4493,1
1721,2803,1
1722,2067,1
1723,3517,0
1724,373,1
1725,3804,0
1726,838,1
1727,2684,0
1728,2235,1
1729,3563,0
1730,90,1
1731,2501,0
1732,1541,0
1733,3132,1
1734,2362,0
1735,3604,0
1736,4252,0
1737,2377,-1
1738,2162,0
1739,1865,0
1740,4526,0
1741,1860,1
1742,1931,0
1743,2947,0
1744,918,1
1745,2023,1
1746,4471,0
1747,20,1
1748,3656,0
1749,3361,0
1750,291,1
1751,959,1
1752,3103,0
1753,3955,0
1754,739,1
1755,1524,1
1756,2391,0
1757,1079,0
1758,4643,-1
1759,1922,0
1760,65,1
1761,505,1
1762,3006,0
1763,1240,0
1764,433,1
1765,1199,0
1766,3801,0
1767,4819,0
1768,1469,1
1769,4200,-1
1770,2610,0
1771,128,1
1772,826,1
1773,4013,-1
1774,1234,1
1775,687,1
1776,1904,0
1777,4444,-1
1778,3421,0
1779,3576,0
1780,1577,0
1781,1010,0
1782,218,1
1783,3142,0
1784,3764,0
1785,1534,0
1786,842,1
1787,2847,0
1788,1376,0
1789,3540,0
1790,4725,-1
1791,658,1
1792,3917,0
1793,4019,-1
1794,435,1
1795,4608,0
1796,528,1
1797,3110,0
1798,4026,-1
1799,3418,0
1800,3382,0
1801,4084,0
1802,537,0
1803,2534,1
1804,3000,1
1805,2922,0
1806,93,1
1807,1287,1
1808,577,1
1809,3449,0
1810,1724,1
1811,2820,0
1812,2404,0
1813,4114,0
1814,4181,0
1815,4354,-1
1816,4024,-1
1817,3966,0
1818,863,1
1819,1460,0
1820,1773,1
1821,2321,1
1822,768,1
1823,15,1
1824,1659,0
1825,3772,0
1826,1045,0
1827,672,-1
1828,574,0
1829,502,0
1830,1201,0
1831,1775,1
1832,4564,-1
1833,1242,0
1834,2072,1
1835,4136,-1
1836,2306,1
1837,4432,-1
1838,1561,0
1839,2681,0
1840,2262,1
1841,376,1
1842,1760,0
1843,1867,1
1844,3707,0
1845,728,1
1846,4326,-1
1847,4710,-1
1848,1117,0
1849,83,1
1850,2333,0
1851,98,1
1852,4817,-1
1853,4583,0
1854,189,1
1855,482,0
1856,1544,0
1857,407,0
1858,4183,0
1859,3250,0
1860,3362,0
1861,3953,0
1862,946,1
1863,349,1
1864,2876,0
1865,3598,0
1866,1726,1
1867,1873,0
1868,607,1
1869,3744,0
1870,1944,1
1871,3265,0
1872,4823,0
1873,3186,0
1874,3809,0
1875,2752,-1
1876,86,1
1877,547,1
1878,4411,-1
1879,3156,0
1880,2865,0
1881,3204,0
1882,4142,0
1883,356,1
1884,4089,1
1885,2028,0
1886,814,1
1887,665,0
1888,710,1
1889,1422,0
1890,3113,0
1891,1028,1
1892,391,1
1893,3467,0
1894,1742,1
1895,3845,0
1896,2329,0
1897,3345,0
1898,4573,-1
1899,871,1
1900,1918,0
1901,4018,0
1902,2595,0
1903,3375,0
1904,626,1
1905,4650,-1
1906,2215,0
1907,2415,0
1908,22,1
1909,4543,-1
1910,4338,0
1911,4102,1
1912,1554,1
1913,661,1
1914,3726,0
1915,4642,-1
1916,1301,1
1917,3340,-1
1918,2916,0
1919,1974,0
1920,1210,0
1921,4059,-1
1922,3729,0
1923,2315,0
1924,556,1
1925,540,0
1926,4066,-1
1927,1442,1
1928,4123,0
1929,2724,0
1930,4663,-1
1931,187,1
1932,300,1
1933,3090,0
1934,4779,0
1935,3443,0
1936,2206,0
1937,3356,0
1938,408,1
1939,4135,0
1940,4146,0
1941,99,1
1942,3739,0
1943,2274,1
1944,663,1
1945,1958,0
1946,2359,0
1947,4689,-1
1948,2311,0
1949,4391,-1
1950,4401,-1
1951,1655,0
1952,131,1
1953,2918,0
1954,3915,0
1955,3055,0
1956,1637,0
1957,4431,-1
1958,2678,0
1959,3379,0
1960,1647,0
1961,2297,1
1962,4377,-1
1963,3777,0
1964,2027,1
1965,4184,0
1966,240,1
1967,1371,0
1968,516,0
1969,1858,0
1970,3760,0
1971,132,1
1972,1218,0
1973,3840,0
1974,452,0
1975,3905,0
1976,3562,0
1977,2987,1
1978,617,1
1979,2302,1
1980,2549,0
1981,4179,-1
1982,3727,0
1983,1965,-1
1984,2341,-1
1985,4806,0
1986,3164,0
1987,1377,0
1988,3853,0
1989,3298,0
1990,1691,1
1991,731,-1
1992,2412,0
1993,3112,0
1994,1215,0
1995,3867,0
1996,4056,-1
1997,3214,0
1998,2456,1
1999,262,1
2000,3049,0
2001,1699,0
2002,4758,-1
2003,2054,0
2004,1228,1
2005,3151,0
2006,3765,0
2007,151,1
2008,4068,-1
2009,3528,0
2010,3015,1
2011,3246,0
2012,1787,1
2013,2153,1
2014,4695,-1
2015,2692,0
2016,552,1
2017,2706,0
2018,4216,-1
2019,1814,0
2020,2783,0
2021,1445,0
2022,4004,-1
2023,2634,0
2024,4340,-1
2025,624,0
2026,3561,0
2027,3982,0
2028,4076,-1
2029,3642,0
2030,686,1
2031,4281,0
2032,964,1
2033,1030,0
2034,1172,1
2035,2603,0
2036,3844,0
2037,4260,-1
2038,1247,0
2039,1531,1
2040,4202,0
2041,798,1
2042,4148,0
2043,2641,0
2044,4800,-1
2045,4361,0
2046,3135,0
2047,4407,-1
2048,175,1
2049,81,0
2050,3119,0
2051,4101,1
2052,92,1
2053,4538,-1
2054,782,1
2055,4042,-1
2056,3690,0
2057,2827,0
2058,3071,0
2059,3538,0
2060,3834,0
2061,1439,0
2062,1764,0
2063,114,1
2064,696,-1
2065,2314,1
2066,3326,0
2067,3700,0
2068,142,1
2069,1374,0
2070,3446,0
2071,2889,0
2072,764,1
2073,2288,1
2074,2898,0
2075,3159,0
2076,204,1
2077,771,1
2078,598,1
2079,702,1
2080,1136,0
2081,2217,1
2082,3750,1
2083,726,0
2084,1178,0
2085,4346,0
2086,3533,0
2087,1036,0
2088,4388,-1
2089,2675,0
2090,919,1
2091,2430,0
2092,2005,0
2093,1143,0
2094,2655,0
2095,3768,0
2096,507,0
2097,2149,1
2098,3903,0
2099,2745,0
2100,345,1
2101,1049,0
2102,3605,0
2103,664,1
2104,77,1
2105,998,0
2106,1349,0
2107,3292,0
2108,4646,-1
2109,3226,0
2110,2436,0
2111,1722,1
2112,4356,0
2113,3010,0
2114,4144,0
2115,1179,-1
2116,613,1
2117,3021,0
2118,1200,0
2119,1977,-1
2120,2533,-1
2121,1565,0
2122,145,1
2123,4405,-1
2124,1689,0
2125,3364,0
2126,2686,0
2127,1620,0
2128,1202,0
2129,3399,0
2130,2754,0
2131,3967,0
2132,4220,0
2133,4488,0
2134,1205,1
2135,4406,-1
2136,646,1
2137,2758,0
2138,4790,-1
2139,1661,0
2140,3500,0
2141,3759,0
2142,4720,-1
2143,1145,1
2144,4392,-1
2145,1908,0
2146,2662,0
2147,656,1
2148,1125,0
2149,156,1
2150,1984,0
2151,174,1
2152,3941,0
2153,517,1
2154,2041,0
2155,3228,0
2156,1817,0
2157,3791,0
2158,3911,0
2159,2080,0
2160,2788,0
2161,2192,1
2162,1389,0
2163,1153,0
2164,2502,0
2165,3512,0
2166,952,1
2167,3223,0
2168,210,0
2169,3020,0
2170,1084,0
2171,1864,1
2172,886,0
2173,3380,0
2174,3126,0
2175,3969,0
2176,1505,0
2177,2963,0
2178,1150,-1
2179,2077,0
2180,1774,1
2181,4731,-1
2182,3283,0
2183,2569,0
2184,113,1
2185,1463,0
2186,3509,0
2187,2378,0
2188,3490,0
2189,3241,0
2190,3574,0
2191,3104,0
2192,3395,0
2193,3682,0
2194,1743,1
2195,116,1
2196,4618,0
2197,2907,0
2198,654,1
2199,3440,0
2200,2768,-1
2201,1943,1
2202,1777,1
2203,4231,0
2204,385,1
2205,4094,1
2206,434,0
2207,3330,0
2208,2209,1
2209,3641,0
2210,461,1
2211,2818,0
2212,4195,0
2213,3050,0
2214,2795,0
2215,2285,1
2216,4789,-1
2217,3197,0
2218,2792,0
2219,1599,0
2220,1971,0
2221,1382,0
2222,2760,0
2223,2522,0
2224,1329,1
2225,1950,1
2226,4840,-1
2227,236,1
2228,3391,0
2229,793,1
2230,4550,0
2231,3282,0
2232,1633,0
2233,942,1
2234,833,1
2235,3005,0
2236,2967,0
2237,288,1
2238,3042,0
2239,2507,0
2240,1996,0
2241,866,0
2242,4383,-1
2243,2269,1
2244,448,0
2245,2052,1
2246,2872,-1
2247,3634,0
2248,4455,1
2249,3719,0
2250,3072,0
2251,2166,0
2252,2742,0
2253,2057,0
2254,418,0
2255,3497,0
2256,4581,-1
2257,2096,0
2258,2231,0
2259,419,0
2260,4688,-1
2261,3698,0
2262,3705,0
2263,2794,0
2264,59,0
2265,3981,0
2266,3417,0
2267,4552,0
2268,444,0
2269,91,1
2270,4005,-1
2271,2327,0
2272,4842,0
2273,745,1
2274,2126,1
2275,2450,0
2276,2728,0
2277,4719,-1
2278,2593,0
2279,653,1
2280,2965,0
2281,1182,0
2282,2581,0
2283,1426,1
2284,4390,-1
2285,660,1
2286,1452,0
2287,1762,1
2288,1529,0
2289,1226,0
2290,2004,1
2291,566,1
2292,55,1
2293,4812,0
2294,3567,0
2295,1366,1
2296,3972,0
2297,3820,0
2298,1586,0
2299,1532,0
2300,393,0
2301,258,1
2302,504,0
2303,2243,1
2304,4563,-1
2305,720,1
2306,746,1
2307,1710,-1
2308,115,1
2309,4171,0
2310,4307,0
2311,527,1
2312,1107,0
2313,1832,1
2314,1824,0
2315,1676,0
2316,2823,0
2317,2700,0
2318,3886,0
2319,3842,0
2320,4223,0
2321,817,1
2322,1421,0
2323,4698,-1
2324,3308,0
2325,3499,0
2326,1024,0
2327,3748,0
2328,3043,0
2329,1027,0
2330,3943,0
2331,3522,0
2332,1765,1
2333,4283,-1
2334,3649,0
2335,2616,0
2336,1175,0
2337,3526,0
2338,1707,-1
2339,52,1
2340,2330,0
2341,3287,0
2342,1190,0
2343,4347,0
2344,4372,-1
2345,3492,1
2346,2931,0
2347,3485,0
2348,2517,0
2349,2254,0
2350,3770,0
2351,3906,-1
2352,4374,-1
2353,1029,0
2354,4457,1
2355,4556,-1
2356,1345,0
2357,454,0
2358,76,0
2359,301,1
2360,3317,-1
2361,2977,0
2362,457,1
2363,4396,-1
2364,1184,1
2365,667,0
2366,3560,0
2367,3376,0
2368,2199,1
2369,1587,0
2370,4495,1
2371,2734,0
2372,4193,0
2373,4693,-1
2374,122,1
2375,2800,0
2376,3831,0
2377,2016,0
2378,3616,0
2379,105,1
2380,2495,0
2381,3157,0
2382,334,1
2383,4714,-1
2384,3579,0
2385,2201,0
2386,984,1
2387,1932,0
2388,2980,0
2389,3434,0
2390,4041,-1
2391,2855,1
2392,1894,1
2393,3131,0
2394,3168,0
2395,4082,1
2396,1924,0
2397,3510,0
2398,1265,0
2399,321,1
2400,1548,0
2401,1239,0
2402,649,1
2403,1833,0
2404,903,1
2405,4636,-1
2406,1755,1
2407,3963,0
2408,1657,0
2409,917,1
2410,690,1
2411,4074,-1
2412,1171,1
2413,2008,1
2414,78,0
2415,4740,-1
2416,4452,-1
2417,4359,0
2418,4285,0
2419,3897,0
2420,4069,-1
2421,4104,0
2422,4295,0
2423,2583,0
2424,2344,1
2425,2575,0
2426,3130,0
2427,3108,0
2428,35,1
2429,88,1
2430,3743,0
2431,3506,0
2432,4609,-1
2433,479,0
2434,3662,0
2435,697,-1
2436,4037,-1
2437,894,1
2438,111,1
2439,986,1
2440,2335,0
2441,2347,0
2442,254,1
2443,1091,0
2444,326,1
2445,3473,0
2446,2900,0
2447,928,1
2448,1810,0
2449,387,1
2450,2868,0
2451,732,-1
2452,1854,1
2453,2418,0
2454,4699,-1
2455,3975,0
2456,2824,0
2457,1388,0
2458,3508,0
2459,622,0
2460,1874,0
2461,2179,1
2462,1468,0
2463,3296,0
2464,2116,0
2465,3392,0
2466,2255,1
2467,3124,0
2468,914,1
2469,3923,0
2470,4087,0
2471,979,1
2472,483,0
2473,1970,0
2474,4821,-1
2475,1946,1
2476,1113,0
2477,4333,-1
2478,2042,0
2479,563,1
2480,4310,0
2481,4164,0
2482,2735,0
2483,948,1
2484,4756,-1
2485,2181,1
2486,439,0
2487,2683,0
2488,2109,1
2489,1033,0
2490,3884,0
2491,1834,0
2492,2371,0
2493,2283,1
2494,1955,0
2495,57,1
2496,369,1
2497,3389,0
2498,3964,0
2499,3836,0
2500,2737,0
2501,1197,0
2502,4222,0
2503,2799,0
2504,1708,-1
2505,3822,0
2506,1064,0
2507,2545,0
2508,4594,-1
2509,1785,1
2510,2805,0
2511,4750,-1
2512,2406,0
2513,698,-1
2514,2849,0
2515,4570,0
2516,828,1
2517,2267,1
2518,705,1
2519,2115,0
2520,2007,0
2521,4469,1
2522,3450,0
2523,1609,0
2524,3106,0
2525,323,1
2526,3808,1
2527,1850,0
2528,3556,0
2529,2711,0
2530,2120,0
2531,1578,0
2532,4828,-1
2533,2416,0
2534,1163,0
2535,1966,0
2536,315,1
2537,476,0
2538,3093,0
2539,3720,0
2540,1413,0
2541,4513,1
2542,3722,0
2543,4163,-1
2544,1055,0
2545,4832,-1
2546,1975,-1
2547,3431,0
2548,178,1
2549,1050,1
2550,3383,0
2551,2648,0
2552,1412,0
2553,525,0
2554,2098,0
2555,1482,1
2556,763,1
2557,1430,0
2558,2845,0
2559,1110,0
2560,2623,0
2561,1889,0
2562,3932,0
2563,4489,1
2564,1396,0
2565,2511,0
2566,4394,-1
2567,63,1
2568,615,0
2569,2379,0
2570,3212,0
2571,834,1
2572,681,-1
2573,2251,0
2574,2807,0
2575,2152,1
2576,3998,0
2577,1229,0
2578,1783,1
2579,72,0
2580,3184,0
2581,1339,0
2582,3668,0
2583,3057,0
2584,2620,0
2585,1081,0
2586,1962,1
2587,1842,1
2588,3150,0
2589,3513,0
2590,2002,1
2591,4738,-1
2592,2765,0
2593,4436,-1
2594,2022,1
2595,533,0
2596,1348,0
2597,1569,0
2598,1771,1
2599,2301,1
2600,975,1
2601,850,1
2602,1288,0
2603,4016,-1
2604,4393,-1
2605,2492,0
2606,582,0
2607,2809,-1
2608,1828,0
2609,3693,0
2610,4337,0
2611,1499,0
2612,1474,0
2613,4785,-1
2614,112,1
2615,4051,-1
2616,4241,0
2617,1166,0
2618,3458,0
2619,458,1
2620,4703,-1
2621,1129,1
2622,1207,0
2623,1646,0
2624,3901,0
2625,1222,1
2626,284,1
2627,319,0
2628,1271,0
2629,2857,0
2630,1663,0
2631,1020,0
2632,1869,0
2633,496,0
2634,1580,0
2635,3471,0
2636,3397,0
2637,2518,0
2638,2937,0
2639,2247,1
2640,2446,0
2641,4269,-1
2642,421,-1
2643,3984,0
2644,338,1
2645,4341,0
2646,4803,-1
2647,677,-1
2648,1090,0
2649,4509,1
2650,897,1
2651,902,1
2652,3118,1
2653,3751,0
2654,2263,1
2655,1058,0
2656,3824,0
2657,2031,0
2658,347,1
2659,3494,0
2660,769,1
2661,4065,-1
2662,970,1
2663,4645,-1
2664,4571,0
2665,1414,0
2666,4408,-1
2667,3253,0
2668,922,1
2669,3169,0
2670,2909,0
2671,1937,-1
2672,1278,0
2673,213,1
2674,4434,-1
2675,1086,0
2676,246,1
2677,2326,0
2678,1355,0
2679,2392,0
2680,1525,-1
2681,1347,0
2682,1510,0
2683,515,0
2684,3063,0
2685,675,-1
2686,3354,0
2687,2747,0
2688,4702,-1
2689,4131,-1
2690,2156,0
2691,1069,0
2692,2732,0
2693,3416,0
2694,2682,0
2695,2298,1
2696,2968,0
2697,1593,0
2698,2998,0
2699,1128,1
2700,398,1
2701,2419,0
2702,404,1
2703,1338,0
2704,2666,0
2705,2421,0
2706,737,1
2707,3507,0
2708,885,1
2709,129,1
2710,1898,0
2711,2709,0
2712,1871,0
2713,13,1
2714,3514,0
2715,1564,0
2716,4510,0
2717,2068,1
2718,716,1
2719,742,1
2720,2309,1
2721,3384,0
2722,2159,0
2723,1453,0
2724,2763,0
2725,711,1
2726,3415,0
2727,4309,0
2728,2264,1
2729,1446,0
2730,3900,0
2731,2189,0
2732,4665,-1
2733,713,1
2734,1546,1
2735,4546,0
2736,546,1
2737,736,-1
2738,3341,0
2739,1600,0
2740,1511,0
2741,1002,0
2742,299,1
2743,322,1
2744,792,1
2745,2636,0
2746,4835,-1
2747,949,1
2748,365,1
2749,3686,0
2750,2982,1
2751,2672,0
2752,2607,0
2753,993,0
2754,3595,0
2755,1213,0
2756,1803,0
2757,4155,0
2758,729,1
2759,1411,0
2760,602,1
2761,1248,0
2762,1328,0
2763,437,0
2764,4640,-1
2765,676,-1
2766,2633,0
2767,3958,0
2768,1212,0
2769,2317,1
2770,3841,0
2771,1680,0
2772,1428,0
2773,2182,1
2774,18,1
2775,2282,1
2776,1738,1
2777,1343,0
2778,2025,0
2779,4410,-1
2780,3083,0
2781,1455,0
2782,118,1
2783,3427,0
2784,4331,0
2785,4248,-1
2786,2158,0
2787,1941,1
2788,4535,-1
2789,4584,-1
2790,1293,0
2791,2410,-1
2792,1224,0
2793,3091,0
2794,4292,0
2795,2059,1
2796,1572,0
2797,1387,0
2798,1272,0
2799,2866,0
2800,895,1
2801,3359,0
2802,2776,0
2803,4761,-1
2804,2236,1
2805,4825,-1
2806,447,0
2807,2774,0
2808,358,1
2809,2608,0
2810,2249,0
2811,1044,0
2812,4576,0
2813,2599,0
2814,2461,0
2815,1080,0
2816,1467,0
2817,887,1
2818,124,1
2819,1094,0
2820,4169,0
2821,3859,0
2822,3211,0
2823,1522,0
2824,3828,0
2825,3880,0
2826,1903,0
2827,1059,0
2828,71,0
2829,2541,0
2830,2759,0
2831,3146,0
2832,4445,-1
2833,848,1
2834,219,1
2835,3129,1
2836,3971,0
2837,564,1
2838,172,1
2839,1176,0
2840,2313,1
2841,4064,-1
2842,3766,0
2843,2644,-1
2844,3589,0
2845,4353,0
2846,4451,-1
2847,2087,1
2848,1333,1
2849,551,1
2850,4539,0
2851,3737,0
2852,4259,0
2853,3068,1
2854,4830,-1
2855,3929,0
2856,3803,0
2857,7,1
2858,682,-1
2859,2375,0
2860,3280,0
2861,1560,0
2862,2888,0
2863,2396,0
2864,4122,-1
2865,2586,0
2866,4660,-1
2867,878,1
2868,1296,0
2869,4149,0
2870,352,1
2871,2230,0
2872,1315,1
2873,951,1
2874,2119,1
2875,609,1
2876,232,1
2877,2658,0
2878,2653,0
2879,4763,-1
2880,4151,-1
2881,4755,-1
2882,1649,0
2883,544,-1
2884,3691,0
2885,339,1
2886,2767,0
2887,1709,-1
2888,3074,0
2889,1395,0
2890,4670,-1
2891,1983,0
2892,3792,0
2893,3882,0
2894,2722,0
2895,1558,0
2896,2688,0
2897,2778,0
2898,4112,0
2899,3222,0
2900,4602,1
2901,3658,0
2902,4464,1
2903,1478,0
2904,3938,0
2905,3558,0
2906,96,1
2907,34,1
2908,2163,0
2909,1083,0
2910,955,1
2911,3258,0
2912,2956,0
2913,4783,-1
2914,2914,0
2915,340,1
2916,2619,0
2917,3133,0
2918,1791,1
2919,4182,0
2920,2319,0
2921,3974,0
2922,4796,-1
2923,978,0
2924,1257,0
2925,2951,-1
2926,1317,0
2927,4115,-1
2928,3725,0
2929,121,1
2930,3985,0
2931,4011,-1
2932,1616,0
2933,1369,1
2934,1872,0
2935,1881,1
2936,2122,0
2937,2219,1
2938,1801,0
2939,1433,0
2940,997,1
2941,375,1
2942,2635,0
2943,4126,-1
2944,567,1
2945,4610,-1
2946,807,1
2947,1598,0
2948,1309,1
2949,943,1
2950,2401,0
2951,3588,0
2952,3546,0
2953,3999,-1
2954,4433,-1
2955,3989,-1
2956,4601,0
2957,2197,1
2958,2929,0
2959,3117,0
2960,1641,0
2961,2570,0
2962,4105,0
2963,3336,0
2964,2624,0
2965,601,1
2966,2034,1
2967,1352,0
2968,279,1
2969,2078,1
2970,3496,0
2971,535,1
2972,1356,0
2973,4679,-1
2974,12,1
2975,2902,0
2976,2294,1
2977,330,1
2978,4764,-1
2979,2186,0
2980,2978,0
2981,4207,-1
2982,130,1
2983,2224,0
2984,968,1
2985,4778,0
2986,4234,0
2987,859,1
2988,220,1
2989,2053,1
2990,2829,0
2991,4508,0
2992,190,1
2993,1929,0
2994,1285,0
2995,1740,1
2996,4537,0
2997,480,0
2998,786,1
2999,3936,0
3000,4623,-1
3001,2589,0
3002,3018,0
3003,1378,0
3004,2113,1
3005,4206,-1
3006,3373,0
3007,33,1
3008,4117,-1
3009,761,1
3010,3645,0
3011,494,0
3012,795,1
3013,548,1
3014,1223,0
3015,4438,-1
3016,3060,0
3017,2661,0
3018,2617,0
3019,2143,0
3020,2539,0
3021,4429,-1
3022,2070,0
3023,4632,-1
3024,2405,0
3025,3201,0
3026,4264,0
3027,1951,1
3028,4047,-1
3029,386,1
3030,4197,0
3031,605,1
3032,3107,0
3033,1450,0
3034,2719,0
3035,623,0
3036,1786,1
3037,1096,0
3038,4263,-1
3039,2981,0
3040,4709,-1
3041,3202,0
3042,1194,1
3043,1133,0
3044,491,0
3045,4515,0
3046,1155,0
3047,1060,0
3048,1527,0
3049,4025,-1
3050,4721,-1
3051,4522,1
3052,1737,1
3053,1761,1
3054,662,1
3055,3347,0
3056,3178,0
3057,3037,0
3058,1170,0
3059,619,0
3060,3947,0
3061,674,-1
3062,1244,0
3063,3066,0
3064,2808,0
3065,3358,0
3066,1712,1
3067,4344,0
3068,1838,0
3069,2548,0
3070,2697,0
3071,2117,0
3072,487,1
3073,294,1
3074,3773,0
3075,2431,0
3076,4744,-1
3077,1520,0
3078,2543,0
3079,1241,0
3080,3218,0
3081,1232,0
3082,202,1
3083,927,1
3084,2097,0
3085,1935,1
3086,1957,0
3087,2427,0
3088,581,1
3089,4367,0
3090,2676,0
3091,2924,1
3092,2979,0
3093,950,1
3094,738,1
3095,1211,0
3096,1386,0
3097,2790,0
3098,2443,0
3099,2177,1
3100,2303,1
3101,2991,0
3102,3437,0
3103,2292,1
3104,2411,0
3105,3644,0
3106,1700,1
3107,3919,0
3108,342,1
3109,1109,1
3110,3325,0
3111,3754,0
3112,3855,0
3113,1674,0
3114,2524,0
3115,4607,-1
3116,2640,0
3117,1507,0
3118,1701,0
3119,2280,1
3120,377,1
3121,1137,1
3122,973,1
3123,4108,-1
3124,499,0
3125,127,1
3126,3877,0
3127,468,0
3128,985,1
3129,2838,0
3130,1221,0
3131,1280,0
3132,3543,-1
3133,308,1
3134,981,1
3135,3830,0
3136,2055,1
3137,3663,1
3138,2487,0
3139,4697,-1
3140,2591,0
3141,2198,1
3142,1283,0
3143,138,1
3144,754,1
3145,3871,0
3146,2753,0
3147,39,1
3148,2385,0
3149,860,1
3150,3426,0
3151,3659,-1
3152,4250,0
3153,1713,-1
3154,1592,0
3155,1714,-1
3156,941,1
3157,3316,0
3158,2261,1
3159,2516,0
3160,2093,0
3161,3225,-1
3162,509,0
3163,1523,0
3164,511,0
3165,1681,0
3166,4827,-1
3167,1543,0
3168,286,1
3169,967,1
3170,855,0
3171,3684,0
3172,2846,0
3173,4027,-1
3174,818,1
3175,2210,0
3176,478,0
3177,1188,0
3178,2555,0
3179,2769,0
3180,4034,-1
3181,4327,-1
3182,3370,0
3183,839,1
3184,2556,0
3185,3685,0
3186,1253,1
3187,593,0
3188,587,1
3189,3251,0
3190,1373,0
3191,4499,1
3192,2118,0
3193,1319,0
3194,1978,0
3195,2647,0
3196,3531,0
3197,3872,0
3198,2547,0
3199,1141,1
3200,1401,0
3201,3304,0
3202,3069,0
3203,1500,0
3204,4747,-1
3205,4308,-1
3206,1809,0
3207,1899,0
3208,1515,0
3209,410,0
3210,2171,0
3211,176,1
3212,2213,0
3213,3832,0
3214,2704,0
3215,3456,0
3216,1831,0
3217,3960,0
3218,4058,-1
3219,2739,0
3220,3549,0
3221,2509,0
3222,1056,0
3223,278,1
3224,1393,0
3225,685,0
3226,2613,0
3227,2265,1
3228,2721,0
3229,2440,0
3230,4036,-1
3231,1164,0
3232,4226,0
3233,1862,0
3234,4467,1
3235,2784,0
3236,3012,0
3237,3646,0
3238,538,1
3239,4775,1
3240,3058,0
3241,3285,0
3242,2905,0
3243,2911,0
3244,3511,0
3245,198,1
3246,1034,0
3247,4533,-1
3248,1852,1
3249,2577,0
3250,2114,0
3251,1988,1
3252,802,1
3253,1579,0
3254,4130,0
3255,394,0
3256,4420,-1
3257,2474,0
3258,3363,0
3259,2904,0
3260,48,1
3261,2812,-1
3262,1297,0
3263,2531,0
3264,3309,0
3265,1403,0
3266,671,-1
3267,2271,1
3268,4680,-1
3269,2331,0
3270,4075,-1
3271,1819,0
3272,37,1
3273,3652,0
3274,3945,0
3275,560,1
3276,180,1
3277,1648,1
3278,259,1
3279,1017,0
3280,3205,0
3281,4456,1
3282,1767,1
3283,2673,0
3284,2779,0
3285,830,1
3286,724,1
3287,3956,0
3288,3577,0
3289,3284,0
3290,1961,0
3291,4477,0
3292,27,1
3293,1987,0
3294,3148,-1
3295,3669,0
3296,3279,0
3297,108,1
3298,317,1
3299,1195,0
3300,3787,0
3301,1770,0
3302,1383,0
3303,648,1
3304,2558,0
3305,215,1
3306,3873,0
3307,2082,1
3308,1003,0
3309,123,1
3310,2512,0
3311,1644,0
3312,3813,0
3313,2729,0
3314,466,1
3315,1626,0
3316,2012,1
3317,2791,0
3318,4178,0
3319,1038,0
3320,1702,0
3321,1582,0
3322,852,1
3323,3696,0
3324,329,1
3325,960,1
3326,4022,-1
3327,2588,0
3328,3491,-1
3329,2844,0
3330,1796,0
3331,2976,1
3332,2650,0
3333,4557,-1
3334,4624,-1
3335,3930,0
3336,2786,0
3337,4759,-1
3338,4834,-1
3339,4177,-1
3340,1267,0
3341,4332,0
3342,1825,1
3343,4478,1
3344,2136,1
3345,2380,-1
3346,1384,0
3347,3505,0
3348,956,1
3349,1509,0
3350,280,1
3351,1779,1
3352,4487,0
3353,4325,0
3354,2986,0
3355,66,1
3356,3335,0
3357,1948,1
3358,4630,-1
3359,2466,0
3360,2601,0
3361,3381,0
3362,3521,0
3363,3378,0
3364,4427,-1
3365,3994,-1
3366,2645,0
3367,4097,1
3368,3954,0
3369,4198,0
3370,1359,0
3371,1181,0
3372,3004,0
3373,717,1
3374,19,1
3375,1829,0
3376,1063,0
3377,196,1
3378,143,1
3379,2826,0
3380,2366,0
3381,416,0
3382,1047,0
3383,749,1
3384,2065,1
3385,221,0
3386,4726,-1
3387,3271,0
3388,2715,0
3389,2204,1
3390,2693,0
3391,3829,0
